1,12.9,0.64,2023/04/15,1
2,15.7,0.83,2023/04/18,1
3,43.7,0.26,2023/05/28,4
4,46.3,0.67,2023/04/20,7
5,18.1,0.23,2023/05/10,1
6,23.1,0.55,2023/04/07,4
7,39.1,0.98,2023/04/25,10
8,49.2,0.65,2023/04/07,8
9,40.1,0.89,2023/04/05,7
10,34.2,0.9,2023/04/26,3
11,34.7,0.46,2023/04/02,6
12,29.0,0.23,2023/05/04,2
13,0.2,0.48,2023/05/13,2
14,36.2,0.92,2023/05/12,4
15,23.4,0.93,2023/05/04,3
16,46.3,0.79,2023/04/17,6
17,38.2,0.36,2023/05/08,10
18,2.7,0.72,2023/04/12,6
19,17.0,0.18,2023/05/20,2
20,21.9,0.43,2023/05/08,2
21,25.6,0.69,2023/04/01,9
22,36.2,0.35,2023/05/22,8
23,41.5,0.4,2023/05/13,3
24,46.8,0.67,2023/04/15,4
25,31.6,0.24,2023/05/30,2
26,13.0,0.05,2023/05/04,2
27,22.9,0.49,2023/04/07,10
28,3.0,0.23,2023/05/05,7
29,0.9,0.52,2023/04/04,1
30,11.1,0.18,2023/04/02,2
31,6.9,0.21,2023/04/09,7
32,41.9,0.5,2023/04/21,4
33,39.6,0.09,2023/05/18,1
34,27.5,0.63,2023/05/23,2
35,13.9,0.88,2023/04/21,8
36,27.8,0.67,2023/05/26,4
37,41.1,0.03,2023/04/25,8
38,48.7,0.64,2023/04/01,5
39,5.9,0.19,2023/05/19,8
40,43.4,0.37,2023/04/08,8
41,31.7,0.43,2023/04/04,8
42,44.7,0.52,2023/05/01,1
43,24.4,0.57,2023/05/06,5
44,24.3,0.91,2023/05/26,5
45,12.8,0.61,2023/04/23,8
46,11.4,0.58,2023/04/09,1
47,49.2,0.58,2023/04/20,7
48,45.2,0.29,2023/04/09,10
49,39.2,0.53,2023/05/22,8
50,47.0,0.29,2023/05/09,10
51,8.0,0.22,2023/04/16,3
52,13.5,0.8,2023/05/13,10
53,4.9,0.83,2023/05/21,7
54,6.2,0.83,2023/05/21,9
55,32.1,0.67,2023/04/28,7
56,33.3,0.26,2023/05/24,7
57,35.2,0.96,2023/04/22,2
58,32.2,0.38,2023/04/22,7
59,27.4,0.13,2023/04/04,2
60,27.0,0.83,2023/04/09,9
61,38.5,0.58,2023/05/13,4
62,26.5,0.95,2023/05/28,3
63,46.5,0.23,2023/05/09,3
64,37.9,0.68,2023/05/02,9
65,37.0,0.65,2023/04/05,2
66,10.8,0.56,2023/05/25,6
67,29.6,0.2,2023/05/24,3
68,17.4,0.02,2023/05/01,3
69,41.7,0.45,2023/04/30,8
70,29.1,0.09,2023/04/11,6
71,1.7,0.56,2023/04/30,7
72,10.6,0.93,2023/04/19,8
73,33.8,0.34,2023/05/04,3
74,37.7,0.02,2023/05/07,4
75,3.9,0.5,2023/05/08,8
76,17.8,0.45,2023/04/05,2
77,20.6,0.54,2023/04/25,4
78,42.8,0.87,2023/05/31,7
79,22.7,0.31,2023/04/16,1
80,44.2,0.32,2023/05/17,2
81,23.0,0.27,2023/05/17,6
82,28.0,0.46,2023/05/01,3
83,37.0,0.01,2023/05/13,5
84,3.3,0.67,2023/05/18,1
85,12.0,0.55,2023/05/06,7
86,33.9,0.92,2023/05/17,2
87,41.5,0.79,2023/04/20,4
88,32.4,0.15,2023/05/29,4
89,19.1,0.2,2023/04/24,3
90,9.8,0.87,2023/05/17,3
91,37.6,0.98,2023/05/22,5
92,38.5,0.32,2023/04/26,2
93,30.5,0.73,2023/04/16,1
94,1.2,0.52,2023/05/13,5
95,29.5,0.92,2023/05/01,9
96,0.9,0.43,2023/05/28,10
97,39.8,0.55,2023/04/10,9
98,39.8,0.86,2023/05/13,4
99,20.6,0.14,2023/04/19,1
100,33.3,0.88,2023/05/13,1
101,43.7,0.23,2023/05/05,5
102,13.8,0.73,2023/05/24,5
103,1.8,0.26,2023/05/07,8
104,31.5,0.88,2023/04/19,5
105,27.2,0.86,2023/05/29,5
106,23.0,0.7,2023/05/31,3
107,23.1,0.15,2023/05/13,7
108,18.7,0.93,2023/04/05,10
109,31.3,0.75,2023/05/14,9
110,5.5,0.24,2023/05/10,7
111,48.4,0.81,2023/05/09,1
112,43.4,0.38,2023/04/19,6
113,11.6,0.51,2023/04/28,6
114,48.5,0.12,2023/05/11,5
115,37.5,0.03,2023/05/04,2
116,13.7,0.64,2023/04/14,9
117,20.9,0.09,2023/05/23,10
118,3.0,0.2,2023/05/27,2
119,31.1,0.53,2023/04/21,6
120,26.8,0.25,2023/04/17,5
121,27.6,0.34,2023/05/07,6
122,29.5,0.03,2023/05/11,10
123,31.3,0.56,2023/04/10,8
124,25.3,0.44,2023/04/28,1
125,49.0,0.38,2023/04/02,1
126,48.6,0.19,2023/05/15,5
127,35.7,0.29,2023/04/21,7
128,36.4,0.39,2023/05/25,9
129,45.6,0.35,2023/04/01,8
130,4.4,0.8,2023/05/15,1
131,1.7,0.76,2023/04/12,5
132,48.0,0.76,2023/05/08,8
133,24.2,0.47,2023/05/22,5
134,37.2,0.81,2023/05/15,7
135,5.9,0.84,2023/04/19,3
136,29.8,0.71,2023/05/30,6
137,36.3,0.13,2023/05/27,8
138,39.2,0.89,2023/04/24,1
139,33.1,0.86,2023/05/22,8
140,14.5,0.63,2023/04/30,4
141,34.5,0.26,2023/04/02,6
142,16.2,0.89,2023/04/27,7
143,20.0,0.21,2023/04/04,3
144,31.3,0.86,2023/05/10,1
145,23.3,0.48,2023/05/15,10
146,32.1,0.94,2023/05/10,5
147,30.4,0.41,2023/04/30,5
148,12.3,0.35,2023/04/15,7
149,34.9,0.45,2023/04/10,5
150,4.0,0.49,2023/05/23,7
151,37.5,0.48,2023/05/22,1
152,34.4,0.64,2023/05/30,10
153,36.3,0.75,2023/05/06,8
154,8.3,0.22,2023/05/23,6
155,36.2,0.99,2023/05/14,3
156,2.8,0.85,2023/05/13,7
157,7.3,0.62,2023/04/10,9
158,39.8,0.09,2023/05/25,3
159,5.0,0.75,2023/04/07,2
160,45.1,0.16,2023/04/04,5
161,21.2,0.48,2023/05/13,6
162,25.6,0.47,2023/04/04,9
163,23.4,0.23,2023/05/12,1
164,46.3,0.24,2023/05/15,1
165,28.1,0.1,2023/05/05,3
166,10.8,0.95,2023/04/28,2
167,7.3,0.24,2023/05/19,8
168,7.8,0.62,2023/04/18,6
169,2.0,0.5,2023/05/04,8
170,40.1,0.05,2023/05/02,6
171,31.4,0.29,2023/04/25,5
172,42.3,0.6,2023/04/10,6
173,7.6,0.46,2023/05/16,10
174,27.2,0.01,2023/05/09,9
175,32.7,0.3,2023/04/26,5
176,12.9,0.03,2023/04/26,9
177,24.8,0.9,2023/05/05,6
178,10.1,0.1,2023/04/25,7
179,38.8,0.23,2023/05/16,8
180,36.8,0.77,2023/05/29,10
181,34.6,0.75,2023/04/25,2
182,26.8,0.87,2023/05/14,3
183,10.2,0.31,2023/04/02,7
184,46.6,0.59,2023/05/08,5
185,1.4,0.47,2023/04/01,6
186,21.5,0.67,2023/04/23,3
187,14.1,0.66,2023/04/21,3
188,43.3,0.01,2023/04/16,7
189,0.4,0.77,2023/04/12,8
190,44.8,0.4,2023/04/03,1
191,29.9,0.04,2023/04/03,3
192,22.5,0.31,2023/04/29,3
193,32.2,0.47,2023/05/12,3
194,5.5,0.24,2023/05/17,8
195,16.5,0.26,2023/05/18,9
196,1.0,0.56,2023/05/28,5
197,33.3,0.57,2023/05/14,3
198,32.9,0.7,2023/05/05,6
199,38.3,0.22,2023/05/26,2
200,47.5,0.76,2023/04/10,2
201,38.0,0.05,2023/04/16,9
202,22.9,0.3,2023/05/02,1
203,0.6,0.76,2023/05/04,4
204,16.4,0.65,2023/04/24,5
205,4.7,0.38,2023/05/04,1
206,32.2,0.98,2023/05/08,7
207,38.4,0.29,2023/05/09,1
208,29.6,0.98,2023/04/19,1
209,38.5,0.26,2023/05/28,1
210,2.6,0.33,2023/05/11,2
211,28.0,0.34,2023/04/16,4
212,42.0,0.77,2023/04/27,9
213,38.5,0.35,2023/04/24,2
214,4.2,0.01,2023/05/11,10
215,36.7,0.27,2023/04/23,3
216,45.7,0.58,2023/04/17,7
217,1.6,0.5,2023/04/14,2
218,19.3,0.75,2023/05/15,3
219,13.7,0.49,2023/04/23,1
220,22.1,0.87,2023/04/02,9
221,11.1,0.73,2023/05/25,10
222,5.7,0.76,2023/04/04,10
223,28.5,0.4,2023/04/15,1
224,20.8,0.9,2023/05/31,5
225,33.8,0.96,2023/04/12,9
226,49.6,0.07,2023/05/02,4
227,11.3,0.45,2023/05/06,10
228,22.4,0.13,2023/05/01,3
229,10.8,0.7,2023/05/24,3
230,37.2,0.73,2023/05/27,10
231,14.0,0.17,2023/05/23,9
232,6.8,0.06,2023/04/05,8
233,10.2,0.5,2023/05/09,9
234,0.2,0.01,2023/05/23,3
235,32.2,0.76,2023/04/23,10
236,46.8,0.03,2023/04/18,3
237,17.2,0.34,2023/04/18,9
238,16.5,0.74,2023/05/17,4
239,46.1,0.91,2023/04/07,10
240,15.3,0.38,2023/04/10,9
241,9.4,0.42,2023/05/02,2
242,42.8,0.52,2023/05/14,2
243,48.4,0.8,2023/04/15,1
244,23.0,0.71,2023/05/16,2
245,15.2,0.78,2023/04/10,4
246,3.0,0.13,2023/04/21,8
247,31.3,0.01,2023/04/05,10
248,21.1,0.9,2023/05/13,3
249,14.8,0.5,2023/04/16,6
250,38.6,0.65,2023/05/12,5
251,24.1,0.8,2023/05/02,1
252,31.0,0.07,2023/04/04,6
253,44.3,0.83,2023/05/11,3
254,2.2,0.12,2023/05/19,8
255,14.2,0.57,2023/04/10,4
256,24.4,0.84,2023/05/19,4
257,14.6,0.56,2023/04/08,5
258,23.3,0.2,2023/04/24,3
259,1.1,0.02,2023/05/24,10
260,40.2,0.55,2023/05/10,7
261,2.8,0.19,2023/04/05,4
262,18.2,0.91,2023/04/17,2
263,48.2,0.06,2023/04/13,10
264,45.0,0.5,2023/04/11,2
265,38.3,0.13,2023/05/09,7
266,40.4,0.05,2023/04/17,6
267,0.5,0.36,2023/04/29,6
268,16.5,0.67,2023/05/27,6
269,9.7,0.61,2023/04/08,7
270,10.1,0.2,2023/05/29,9
271,17.3,0.56,2023/05/11,1
272,49.1,0.71,2023/04/30,5
273,34.0,0.89,2023/04/01,8
274,25.0,0.31,2023/05/12,7
275,30.5,0.08,2023/04/26,6
276,36.8,0.95,2023/04/29,5
277,32.8,0.25,2023/04/16,3
278,41.9,0.84,2023/05/30,9
279,41.1,0.83,2023/04/12,1
280,38.3,0.51,2023/04/07,7
281,47.6,0.98,2023/04/16,5
282,34.8,0.94,2023/04/08,2
283,30.5,0.15,2023/05/14,1
284,32.7,0.66,2023/05/18,10
285,12.2,0.92,2023/04/20,8
286,40.0,0.46,2023/04/02,8
287,6.9,0.89,2023/04/25,6
288,5.8,0.23,2023/04/02,7
289,3.4,0.89,2023/05/05,2
290,20.4,0.76,2023/05/30,3
291,41.0,0.97,2023/04/01,1
292,10.6,0.72,2023/05/27,8
293,2.7,0.72,2023/04/14,9
294,33.5,0.84,2023/05/19,2
295,11.9,0.49,2023/04/23,3
296,9.1,0.3,2023/05/01,6
297,18.8,0.26,2023/04/13,7
298,21.9,0.93,2023/04/06,2
299,33.4,0.93,2023/04/07,5
300,44.4,0.67,2023/04/29,7
301,34.3,0.2,2023/05/09,1
302,4.0,0.43,2023/04/25,8
303,37.9,0.02,2023/05/15,5
304,6.0,0.35,2023/05/25,10
305,45.9,0.21,2023/04/02,6
306,37.6,0.67,2023/05/12,2
307,41.2,0.63,2023/04/27,9
308,3.4,0.16,2023/05/14,7
309,26.8,0.76,2023/05/28,9
310,21.6,0.4,2023/04/25,2
311,28.0,0.11,2023/04/08,8
312,48.3,0.66,2023/05/14,4
313,8.7,0.87,2023/04/18,10
314,30.1,0.37,2023/05/13,1
315,40.4,0.91,2023/05/12,3
316,34.8,0.81,2023/04/18,4
317,36.5,0.5,2023/04/11,5
318,33.7,0.58,2023/05/11,6
319,36.5,0.76,2023/05/20,6
320,17.6,0.8,2023/04/27,1
321,0.9,0.4,2023/05/21,5
322,8.5,0.19,2023/05/23,6
323,0.0,0.23,2023/04/05,10
324,47.5,0.3,2023/05/27,9
325,9.9,0.51,2023/04/16,6
326,22.9,0.61,2023/04/09,1
327,35.0,0.92,2023/04/03,2
328,33.1,0.01,2023/04/22,10
329,10.4,0.1,2023/05/18,5
330,26.1,0.31,2023/05/16,4
331,21.2,0.6,2023/05/15,4
332,47.3,0.75,2023/04/07,6
333,37.6,0.97,2023/05/19,2
334,25.3,0.24,2023/05/09,2
335,12.5,0.05,2023/04/25,5
336,18.7,0.18,2023/05/24,2
337,42.6,0.64,2023/05/26,2
338,33.0,0.22,2023/05/07,4
339,49.3,0.07,2023/05/03,3
340,17.8,0.16,2023/05/07,1
341,26.6,0.97,2023/04/14,10
342,36.9,0.75,2023/05/02,3
343,19.0,0.77,2023/04/22,7
344,41.7,0.95,2023/05/14,3
345,24.3,0.48,2023/04/20,1
346,23.6,0.57,2023/04/13,10
347,46.8,0.08,2023/05/02,5
348,43.3,0.33,2023/04/26,1
349,22.9,0.97,2023/05/18,7
350,46.9,0.06,2023/04/17,5
351,41.1,0.01,2023/05/10,2
352,36.6,0.49,2023/05/10,10
353,6.9,0.81,2023/04/24,8
354,29.5,0.35,2023/04/11,4
355,13.5,0.64,2023/05/18,8
356,3.7,0.1,2023/04/21,3
357,47.0,0.96,2023/04/20,5
358,38.8,0.26,2023/04/11,4
359,45.8,0.48,2023/05/10,3
360,42.7,0.37,2023/04/22,10
361,8.8,0.47,2023/05/19,4
362,32.8,0.23,2023/04/23,3
363,21.4,0.36,2023/05/09,10
364,39.6,0.14,2023/05/24,3
365,44.8,0.31,2023/05/18,9
366,35.8,0.06,2023/04/30,10
367,11.8,0.02,2023/05/04,5
368,20.2,0.03,2023/04/23,2
369,47.7,0.84,2023/05/14,3
370,9.7,0.55,2023/05/01,2
371,47.0,0.06,2023/04/23,10
372,25.2,0.02,2023/05/30,8
373,6.0,0.03,2023/04/27,9
374,16.8,0.46,2023/05/17,1
375,22.2,0.59,2023/04/12,2
376,30.7,0.16,2023/04/23,10
377,1.4,0.63,2023/05/20,3
378,35.4,0.73,2023/04/03,7
379,9.2,0.57,2023/05/12,7
380,30.7,0.95,2023/04/05,3
381,26.0,0.97,2023/04/04,10
382,42.1,0.2,2023/04/25,1
383,2.4,0.99,2023/04/21,6
384,41.2,0.02,2023/05/24,8
385,35.7,0.68,2023/05/13,6
386,44.5,0.57,2023/04/17,2
387,43.4,0.4,2023/05/30,5
388,29.3,0.75,2023/04/18,5
389,1.8,0.26,2023/04/01,4
390,9.1,0.17,2023/04/02,5
391,45.2,0.46,2023/05/16,10
392,37.5,0.45,2023/05/14,1
393,41.4,0.88,2023/04/03,9
394,16.4,0.74,2023/04/21,10
395,31.4,0.22,2023/04/18,1
396,9.5,0.88,2023/05/01,3
397,27.4,0.11,2023/05/17,2
398,43.5,0.21,2023/05/19,8
399,43.1,0.28,2023/05/01,5
400,6.4,0.96,2023/04/11,6
401,28.8,0.64,2023/05/15,3
402,15.4,0.86,2023/05/29,2
403,9.2,0.6,2023/05/23,1
404,9.4,0.05,2023/04/22,10
405,9.6,0.88,2023/05/24,8
406,16.3,0.97,2023/05/08,10
407,24.9,0.2,2023/05/19,10
408,2.2,0.06,2023/05/19,6
409,5.3,0.0,2023/05/03,10
410,28.4,0.43,2023/05/17,5
411,11.8,0.74,2023/05/30,1
412,2.8,0.79,2023/05/13,3
413,23.0,0.46,2023/05/15,2
414,16.7,0.49,2023/05/12,6
415,16.3,0.21,2023/05/04,4
416,8.1,0.57,2023/04/27,5
417,43.5,0.32,2023/05/20,10
418,21.4,0.55,2023/04/21,5
419,16.0,0.26,2023/04/23,3
420,28.9,0.92,2023/05/26,3
421,8.2,0.49,2023/05/08,2
422,41.5,0.1,2023/05/13,9
423,31.9,0.66,2023/04/25,5
424,2.4,0.21,2023/04/18,1
425,7.1,0.53,2023/05/22,8
426,26.1,0.4,2023/04/17,2
427,40.7,0.44,2023/05/24,5
428,17.1,0.21,2023/05/07,3
429,31.4,0.06,2023/05/23,5
430,19.9,0.55,2023/05/31,10
431,29.1,0.32,2023/05/24,3
432,7.3,0.86,2023/04/08,9
433,43.1,0.54,2023/04/05,3
434,2.7,0.34,2023/05/09,7
435,10.9,0.6,2023/05/28,6
436,37.4,0.52,2023/05/18,4
437,47.5,0.75,2023/04/17,1
438,14.5,0.67,2023/05/09,10
439,39.3,0.54,2023/04/10,10
440,49.7,0.84,2023/04/22,2
441,13.7,0.18,2023/04/14,4
442,6.9,0.85,2023/05/28,6
443,26.7,0.37,2023/04/30,9
444,30.1,0.9,2023/05/09,1
445,46.6,0.18,2023/05/13,9
446,39.0,0.34,2023/05/11,5
447,40.8,0.85,2023/04/15,4
448,44.0,0.45,2023/05/02,10
449,1.4,0.32,2023/05/25,8
450,24.0,0.45,2023/05/21,2
451,16.1,0.12,2023/05/24,4
452,16.3,0.54,2023/04/21,1
453,23.9,0.32,2023/05/04,9
454,11.1,0.72,2023/04/08,5
455,32.6,0.71,2023/05/24,9
456,19.7,0.38,2023/04/08,6
457,15.1,0.57,2023/04/12,10
458,48.6,0.53,2023/04/09,10
459,13.0,0.95,2023/04/28,1
460,21.1,0.53,2023/05/10,1
461,48.6,0.83,2023/04/06,2
462,38.7,0.44,2023/05/19,7
463,12.1,0.76,2023/05/17,8
464,15.2,0.65,2023/04/07,7
465,4.0,0.69,2023/04/05,10
466,44.6,0.69,2023/05/03,1
467,27.1,0.06,2023/05/03,10
468,32.6,0.53,2023/05/23,6
469,5.1,0.38,2023/04/23,9
470,21.3,0.6,2023/04/14,9
471,17.2,0.68,2023/05/02,2
472,33.2,0.86,2023/05/20,5
473,27.2,0.31,2023/04/07,9
474,5.4,0.04,2023/05/04,8
475,18.2,0.1,2023/04/27,2
476,18.9,0.78,2023/05/11,6
477,39.4,0.37,2023/05/22,6
478,1.8,0.86,2023/04/25,4
479,25.2,0.57,2023/04/29,3
480,23.2,0.13,2023/04/09,4
481,10.3,0.45,2023/04/24,2
482,44.7,0.9,2023/05/30,3
483,36.5,0.2,2023/05/14,9
484,33.6,0.38,2023/04/15,1
485,35.4,0.88,2023/04/15,3
486,26.9,0.89,2023/04/04,8
487,4.5,0.5,2023/04/02,10
488,33.0,0.74,2023/04/08,8
489,42.5,0.62,2023/04/19,6
490,9.4,0.18,2023/04/11,3
491,20.0,0.14,2023/05/11,6
492,13.6,0.62,2023/05/19,9
493,41.9,0.96,2023/05/09,7
494,19.0,0.23,2023/04/14,5
495,48.9,0.59,2023/04/07,1
496,14.1,0.1,2023/04/29,8
497,33.3,0.57,2023/05/05,5
498,27.1,0.7,2023/04/11,5
499,12.4,0.9,2023/05/17,4
500,11.0,0.7,2023/04/06,10
501,41.5,0.04,2023/05/13,7
502,29.9,0.96,2023/04/15,4
503,9.5,0.9,2023/05/23,3
504,10.8,0.27,2023/05/16,3
505,23.3,0.22,2023/05/03,4
506,14.8,0.64,2023/04/03,4
507,35.2,0.05,2023/04/12,3
508,21.1,0.93,2023/04/18,10
509,18.7,0.68,2023/04/01,1
510,21.6,0.29,2023/04/23,10
511,45.1,0.29,2023/05/07,2
512,40.9,0.78,2023/05/24,9
513,32.7,0.5,2023/04/28,4
514,2.4,0.36,2023/05/09,2
515,41.4,0.1,2023/05/01,7
516,46.8,0.72,2023/05/31,3
517,42.0,0.63,2023/04/17,6
518,28.9,0.69,2023/04/04,2
519,0.9,0.12,2023/05/18,1
520,42.9,0.55,2023/05/18,10
521,3.0,0.85,2023/04/30,7
522,43.2,0.97,2023/05/16,1
523,49.9,0.48,2023/05/02,1
524,41.2,0.99,2023/05/04,1
525,13.3,0.35,2023/05/13,5
526,44.7,0.82,2023/05/27,7
527,5.7,0.61,2023/04/11,1
528,33.7,0.43,2023/05/05,6
529,20.5,0.77,2023/04/21,10
530,4.5,1.0,2023/05/20,2
531,35.6,0.01,2023/05/30,10
532,11.7,0.17,2023/04/12,3
533,46.8,0.49,2023/04/30,3
534,22.4,0.31,2023/05/31,5
535,39.9,0.24,2023/05/12,7
536,40.7,0.2,2023/05/03,2
537,37.4,0.15,2023/05/28,8
538,0.7,0.6,2023/04/13,9
539,32.7,0.15,2023/04/27,2
540,6.4,0.64,2023/05/31,3
541,11.3,0.51,2023/05/19,2
542,1.5,0.36,2023/04/28,9
543,10.8,0.11,2023/05/14,2
544,13.2,0.55,2023/04/24,9
545,34.0,0.06,2023/05/05,2
546,14.8,0.97,2023/04/05,6
547,10.0,0.64,2023/04/12,7
548,46.9,0.07,2023/04/15,6
549,37.3,0.22,2023/05/06,5
550,20.1,0.51,2023/05/04,1
551,15.6,0.46,2023/04/22,9
552,13.9,0.27,2023/05/02,1
553,1.4,0.52,2023/04/15,8
554,28.2,0.47,2023/04/10,2
555,43.7,0.27,2023/05/03,2
556,20.7,0.59,2023/05/11,3
557,40.9,0.81,2023/05/30,9
558,12.3,0.53,2023/04/23,10
559,3.8,0.27,2023/04/09,2
560,34.9,0.95,2023/04/11,8
561,49.2,0.63,2023/05/02,1
562,46.9,0.94,2023/05/03,5
563,49.9,0.63,2023/05/25,6
564,35.6,0.99,2023/05/04,2
565,13.1,0.16,2023/04/07,6
566,14.5,0.83,2023/04/14,6
567,49.0,0.85,2023/04/06,9
568,3.2,0.13,2023/04/27,3
569,43.6,0.46,2023/04/10,7
570,8.6,0.55,2023/04/10,3
571,48.4,0.22,2023/04/09,3
572,27.3,0.96,2023/05/12,10
573,5.5,0.28,2023/05/31,7
574,44.3,0.02,2023/05/04,4
575,26.6,0.76,2023/04/29,1
576,46.9,0.72,2023/05/09,10
577,16.4,0.06,2023/04/22,8
578,21.4,0.18,2023/05/01,8
579,43.7,0.71,2023/04/22,2
580,3.6,0.01,2023/05/01,3
581,1.0,0.53,2023/05/10,1
582,35.3,0.03,2023/05/19,8
583,44.8,0.6,2023/05/20,4
584,31.2,0.26,2023/05/13,9
585,11.8,0.65,2023/04/18,7
586,22.3,0.91,2023/05/28,8
587,32.9,0.85,2023/05/05,4
588,39.8,0.94,2023/05/14,6
589,48.4,0.33,2023/04/29,7
590,17.2,0.27,2023/05/30,4
591,5.3,0.05,2023/04/04,7
592,28.1,0.46,2023/05/18,2
593,3.3,0.79,2023/04/24,4
594,27.8,0.73,2023/04/18,1
595,28.6,0.39,2023/04/29,2
596,21.3,0.73,2023/04/04,7
597,28.0,0.69,2023/04/01,6
598,12.5,0.47,2023/05/17,7
599,8.6,0.82,2023/05/15,5
600,13.9,0.78,2023/05/27,4
601,39.7,0.21,2023/04/10,1
602,30.3,0.81,2023/05/29,3
603,3.1,0.24,2023/04/03,7
604,14.5,0.53,2023/05/08,3
605,13.8,0.67,2023/04/02,6
606,45.7,0.51,2023/04/25,9
607,36.3,0.06,2023/04/16,1
608,0.1,0.57,2023/05/28,4
609,18.6,0.84,2023/04/21,10
610,49.3,0.86,2023/04/02,8
611,40.5,0.42,2023/05/21,2
612,35.5,0.84,2023/04/28,3
613,7.2,0.01,2023/05/30,2
614,17.3,0.04,2023/05/23,7
615,41.4,0.03,2023/04/15,4
616,33.0,0.6,2023/05/23,7
617,22.0,0.93,2023/04/17,7
618,32.7,0.39,2023/04/03,2
619,44.3,0.74,2023/05/02,2
620,9.3,0.17,2023/05/04,4
621,49.1,0.32,2023/05/19,8
622,15.5,0.74,2023/04/06,3
623,24.6,0.32,2023/05/12,10
624,18.8,0.97,2023/04/04,1
625,28.7,0.77,2023/04/19,3
626,31.5,0.25,2023/04/17,3
627,0.9,0.13,2023/05/26,10
628,29.7,0.42,2023/04/15,3
629,44.9,0.79,2023/05/04,9
630,6.1,0.9,2023/05/09,2
631,28.9,0.12,2023/05/17,3
632,8.1,0.42,2023/05/24,8
633,26.6,0.49,2023/05/19,9
634,5.4,0.6,2023/05/13,6
635,13.3,0.8,2023/05/01,8
636,18.7,0.91,2023/05/05,5
637,37.2,0.53,2023/05/29,7
638,12.0,0.25,2023/04/11,10
639,7.1,0.13,2023/05/17,5
640,36.7,0.6,2023/04/08,9
641,23.3,0.47,2023/05/23,8
642,11.5,0.38,2023/05/01,3
643,1.2,0.65,2023/04/17,7
644,22.8,0.24,2023/05/17,9
645,48.9,0.95,2023/05/23,6
646,43.9,0.89,2023/04/21,10
647,38.1,0.26,2023/04/04,8
648,28.6,0.69,2023/05/09,10
649,1.0,0.88,2023/05/17,5
650,38.6,0.11,2023/04/06,7
651,38.2,0.0,2023/05/21,8
652,6.5,0.54,2023/04/13,8
653,48.4,0.0,2023/04/04,4
654,22.5,0.77,2023/05/06,8
655,27.4,0.25,2023/05/09,7
656,29.3,0.66,2023/05/19,3
657,10.2,0.67,2023/05/12,3
658,21.1,0.86,2023/04/01,9
659,4.6,0.49,2023/04/07,2
660,22.9,0.07,2023/04/29,10
661,21.7,0.34,2023/05/22,8
662,5.0,0.23,2023/05/03,9
663,25.1,0.35,2023/04/02,2
664,38.0,0.45,2023/04/26,10
665,48.0,0.35,2023/04/15,8
666,38.9,0.9,2023/05/17,7
667,25.2,0.75,2023/05/10,7
668,37.9,0.33,2023/05/13,6
669,25.7,0.24,2023/04/15,7
670,38.6,0.6,2023/04/14,9
671,6.0,0.15,2023/04/22,4
672,16.6,0.88,2023/04/12,9
673,38.3,0.25,2023/04/01,1
674,20.2,0.74,2023/05/13,6
675,37.6,0.96,2023/04/29,6
676,23.5,0.35,2023/04/15,8
677,33.7,0.73,2023/05/08,8
678,1.1,0.46,2023/05/17,6
679,1.8,0.94,2023/04/06,1
680,24.5,0.67,2023/05/29,5
681,6.1,0.36,2023/05/05,7
682,24.6,0.29,2023/05/06,8
683,6.3,0.23,2023/05/06,8
684,7.4,0.09,2023/05/21,4
685,1.1,0.67,2023/05/03,6
686,44.7,0.21,2023/04/15,7
687,41.7,0.21,2023/05/16,3
688,7.6,0.44,2023/04/17,3
689,5.3,0.65,2023/04/21,8
690,44.7,0.15,2023/04/24,4
691,39.3,1.0,2023/05/12,2
692,41.2,0.88,2023/04/07,3
693,48.8,0.1,2023/05/04,5
694,13.9,0.9,2023/05/24,4
695,12.5,0.55,2023/04/23,3
696,7.1,0.0,2023/05/13,4
697,19.5,0.1,2023/04/30,3
698,21.9,0.46,2023/04/20,10
699,23.8,0.9,2023/05/09,8
700,42.4,0.83,2023/05/19,5
701,4.0,0.16,2023/05/05,2
702,1.7,0.53,2023/05/18,4
703,29.2,0.57,2023/05/21,9
704,4.2,0.82,2023/04/13,10
705,36.7,0.76,2023/05/03,6
706,9.2,0.8,2023/04/13,8
707,45.7,0.73,2023/05/12,7
708,46.6,0.02,2023/04/23,9
709,20.8,0.16,2023/05/13,2
710,6.7,0.68,2023/05/01,2
711,39.9,0.44,2023/05/16,8
712,33.3,0.89,2023/05/29,2
713,44.3,0.16,2023/04/19,9
714,4.2,0.61,2023/04/15,1
715,8.3,0.9,2023/05/09,8
716,46.1,0.49,2023/04/12,8
717,32.4,0.36,2023/05/24,10
718,20.9,0.08,2023/04/12,1
719,46.4,0.76,2023/04/01,4
720,40.0,0.58,2023/04/18,6
721,14.1,0.17,2023/05/08,7
722,5.0,0.15,2023/05/11,2
723,12.9,0.03,2023/04/29,1
724,24.2,0.62,2023/05/24,1
725,48.1,0.2,2023/05/02,6
726,21.7,0.56,2023/04/14,9
727,40.3,0.82,2023/04/23,8
728,9.6,0.03,2023/05/13,3
729,44.8,0.47,2023/05/22,6
730,30.3,0.24,2023/04/13,5
731,15.3,0.79,2023/04/25,9
732,20.1,0.72,2023/04/09,8
733,14.5,0.48,2023/05/19,7
734,9.0,0.97,2023/04/06,2
735,9.4,0.34,2023/05/03,1
736,38.3,0.18,2023/04/12,6
737,26.6,0.3,2023/05/31,9
738,0.9,0.21,2023/04/23,4
739,31.8,0.26,2023/04/09,5
740,17.9,0.72,2023/05/02,3
741,9.3,0.91,2023/05/25,7
742,1.2,0.61,2023/05/04,2
743,23.7,0.79,2023/05/14,9
744,38.5,0.87,2023/05/16,7
745,12.0,0.41,2023/04/19,2
746,5.6,0.76,2023/05/08,1
747,46.6,0.35,2023/04/19,10
748,7.0,0.25,2023/04/07,9
749,16.1,0.17,2023/04/17,4
750,40.2,0.6,2023/05/17,4
751,10.2,0.32,2023/04/24,9
752,2.1,0.31,2023/05/27,6
753,3.2,0.15,2023/05/11,2
754,25.8,0.71,2023/04/07,3
755,17.5,0.01,2023/04/14,8
756,24.2,0.82,2023/05/20,2
757,7.8,0.5,2023/05/14,3
758,11.1,0.12,2023/04/14,2
759,46.7,0.27,2023/04/25,6
760,48.2,0.41,2023/05/10,10
761,12.5,0.83,2023/05/01,5
762,33.0,0.46,2023/05/17,4
763,39.8,0.03,2023/05/10,5
764,47.3,0.37,2023/04/03,7
765,12.2,0.44,2023/04/30,3
766,31.6,0.19,2023/05/13,2
767,47.7,0.43,2023/04/01,5
768,14.8,0.37,2023/04/05,7
769,4.1,0.32,2023/04/26,9
770,27.1,0.61,2023/05/31,9
771,48.5,0.04,2023/04/04,1
772,12.9,0.93,2023/05/04,7
773,18.3,0.24,2023/05/05,5
774,46.7,0.52,2023/04/30,4
775,32.4,0.95,2023/04/06,9
776,7.3,0.34,2023/05/08,3
777,37.2,0.51,2023/05/11,4
778,19.2,0.13,2023/04/02,10
779,38.1,0.63,2023/05/27,1
780,49.4,0.6,2023/04/23,8
781,25.8,0.08,2023/04/28,6
782,14.0,0.34,2023/05/27,2
783,24.4,0.58,2023/05/26,3
784,34.3,0.82,2023/04/21,8
785,22.5,0.55,2023/04/12,7
786,14.8,0.73,2023/04/06,8
787,5.1,0.97,2023/05/08,4
788,21.4,0.12,2023/05/03,5
789,20.5,0.52,2023/04/15,2
790,40.8,0.72,2023/04/25,5
791,16.3,0.07,2023/04/22,1
792,33.3,0.98,2023/04/06,10
793,39.7,0.03,2023/05/15,1
794,18.6,0.84,2023/05/25,5
795,42.9,0.84,2023/04/03,8
796,2.1,0.21,2023/05/20,5
797,25.5,0.65,2023/05/20,7
798,6.6,0.19,2023/04/09,8
799,11.8,0.09,2023/04/07,8
800,46.6,0.63,2023/05/04,10
801,16.0,0.65,2023/05/21,7
802,1.8,0.42,2023/04/17,3
803,11.0,0.87,2023/05/14,4
804,0.7,0.82,2023/05/26,2
805,17.0,0.56,2023/04/01,5
806,1.5,0.76,2023/04/12,1
807,37.8,0.48,2023/05/19,5
808,41.5,0.39,2023/04/30,2
809,32.7,0.05,2023/05/29,6
810,32.8,0.93,2023/04/06,2
811,18.8,0.91,2023/05/03,5
812,26.0,0.93,2023/05/24,7
813,1.3,0.22,2023/05/30,3
814,44.8,0.07,2023/04/13,7
815,24.4,0.39,2023/04/08,8
816,43.8,0.06,2023/05/27,1
817,41.8,0.71,2023/04/26,9
818,8.4,0.91,2023/04/10,6
819,19.6,0.17,2023/04/02,8
820,7.3,0.83,2023/05/31,1
821,48.3,0.1,2023/05/14,2
822,32.4,0.59,2023/05/20,7
823,42.8,0.14,2023/05/25,10
824,43.0,0.11,2023/05/11,4
825,38.6,0.79,2023/05/02,3
826,45.1,0.86,2023/05/01,6
827,0.0,0.02,2023/04/23,1
828,39.5,0.17,2023/04/20,7
829,42.0,0.38,2023/05/24,6
830,29.5,0.0,2023/04/18,3
831,43.3,0.45,2023/05/18,9
832,23.1,0.16,2023/05/15,8
833,49.6,0.3,2023/05/15,4
834,48.1,0.41,2023/05/23,3
835,22.0,0.7,2023/04/12,8
836,13.1,0.89,2023/04/18,4
837,34.2,0.04,2023/05/06,5
838,31.5,0.98,2023/05/07,9
839,42.3,0.84,2023/04/19,5
840,27.1,0.28,2023/04/02,9
841,26.8,0.25,2023/04/22,9
842,35.2,0.97,2023/04/24,1
843,30.1,0.42,2023/04/23,9
844,42.5,0.29,2023/04/03,1
845,46.4,0.28,2023/05/09,3
846,21.5,0.81,2023/05/19,9
847,44.6,0.32,2023/04/18,4
848,34.7,0.01,2023/04/28,1
849,41.8,0.03,2023/04/15,8
850,27.3,0.05,2023/05/02,5
851,31.8,0.83,2023/05/07,6
852,19.4,0.58,2023/04/05,8
853,37.2,0.84,2023/04/27,6
854,2.2,0.63,2023/04/05,6
855,27.5,0.63,2023/04/10,1
856,43.5,0.27,2023/04/13,4
857,48.6,0.62,2023/05/10,7
858,42.4,0.32,2023/04/22,10
859,18.1,0.56,2023/04/25,7
860,11.7,0.32,2023/04/22,4
861,9.1,0.07,2023/04/09,5
862,30.9,0.58,2023/04/05,1
863,43.3,0.78,2023/04/10,6
864,14.3,0.21,2023/05/30,6
865,49.8,0.46,2023/04/10,9
866,34.2,0.26,2023/05/09,7
867,1.1,0.28,2023/05/20,4
868,9.6,0.43,2023/04/05,10
869,34.8,0.21,2023/04/11,3
870,46.6,0.44,2023/05/05,2
871,30.8,0.17,2023/04/27,4
872,15.6,0.49,2023/05/20,4
873,40.6,0.14,2023/05/19,3
874,36.8,0.6,2023/05/09,1
875,39.7,0.78,2023/04/23,6
876,25.9,0.87,2023/05/10,9
877,9.6,0.28,2023/04/27,9
878,14.0,0.39,2023/04/11,7
879,5.1,0.95,2023/05/17,2
880,35.9,0.7,2023/04/17,7
881,39.4,0.73,2023/05/11,1
882,45.4,0.26,2023/05/17,1
883,41.6,0.53,2023/04/03,9
884,41.4,0.42,2023/05/19,8
885,27.8,0.18,2023/04/29,10
886,30.4,0.1,2023/05/02,1
887,3.5,0.08,2023/04/30,4
888,17.9,0.22,2023/04/16,5
889,44.2,0.39,2023/05/28,4
890,3.5,0.93,2023/04/12,1
891,21.6,0.17,2023/04/12,9
892,47.0,0.71,2023/05/25,2
893,36.6,0.03,2023/05/07,2
894,38.2,0.5,2023/05/02,1
895,2.4,0.99,2023/05/27,1
896,44.3,0.28,2023/04/22,6
897,12.8,0.31,2023/05/26,2
898,47.5,0.52,2023/04/09,6
899,35.8,0.49,2023/04/05,9
900,11.6,0.77,2023/04/05,8
901,46.2,0.12,2023/05/26,9
902,5.8,0.5,2023/04/27,1
903,0.4,0.84,2023/05/31,8
904,48.0,0.47,2023/05/14,4
905,22.9,0.61,2023/05/18,6
906,23.7,0.47,2023/05/11,6
907,22.8,0.24,2023/04/05,8
908,11.6,0.5,2023/04/18,4
909,41.6,0.68,2023/05/16,9
910,12.8,0.92,2023/04/02,6
911,7.9,0.49,2023/04/17,1
912,8.0,0.62,2023/04/28,6
913,44.3,0.91,2023/05/22,4
914,1.3,0.95,2023/05/12,3
915,17.2,0.82,2023/05/22,8
916,18.9,0.71,2023/04/01,9
917,8.2,0.47,2023/04/25,10
918,28.2,0.09,2023/04/12,1
919,29.4,0.68,2023/05/11,5
920,39.9,0.03,2023/04/03,5
921,40.4,0.94,2023/05/19,4
922,30.3,0.93,2023/04/25,2
923,45.9,0.46,2023/04/30,7
924,44.6,0.1,2023/05/01,1
925,12.6,0.85,2023/04/23,1
926,18.9,0.79,2023/05/30,7
927,20.7,0.57,2023/04/24,7
928,24.8,0.57,2023/05/09,4
929,28.5,0.25,2023/05/17,1
930,31.3,0.78,2023/04/06,2
931,45.9,0.23,2023/05/15,4
932,28.6,0.47,2023/04/30,6
933,22.2,0.55,2023/04/26,2
934,49.6,0.66,2023/04/09,5
935,48.0,0.63,2023/05/18,1
936,27.6,0.67,2023/04/14,8
937,20.0,0.75,2023/04/20,9
938,17.3,0.79,2023/04/07,3
939,44.1,0.83,2023/04/05,9
940,41.9,0.76,2023/05/04,9
941,48.5,0.97,2023/05/23,6
942,20.9,0.26,2023/05/27,4
943,27.1,0.36,2023/04/29,6
944,9.3,0.65,2023/04/21,9
945,3.7,0.85,2023/04/19,4
946,43.2,0.51,2023/05/27,10
947,42.2,0.83,2023/05/30,3
948,9.1,0.32,2023/05/31,3
949,46.5,0.49,2023/05/26,8
950,4.0,0.55,2023/04/15,8
951,46.0,0.56,2023/04/09,1
952,18.2,0.73,2023/04/20,8
953,23.6,0.56,2023/05/06,6
954,28.5,0.77,2023/05/18,2
955,8.2,0.98,2023/05/31,7
956,49.6,0.06,2023/04/29,4
957,31.8,0.41,2023/05/01,2
958,17.9,0.78,2023/05/06,7
959,41.3,0.85,2023/05/08,6
960,0.7,0.61,2023/04/30,8
961,1.7,0.62,2023/04/23,4
962,26.5,0.86,2023/05/22,1
963,41.9,0.35,2023/04/14,8
964,7.2,0.12,2023/04/30,9
965,13.9,0.41,2023/04/24,5
966,32.8,0.12,2023/05/12,3
967,5.8,0.74,2023/05/09,5
968,20.6,0.14,2023/05/23,1
969,6.9,0.87,2023/05/31,9
970,14.0,0.6,2023/05/05,3
971,44.1,0.92,2023/04/23,7
972,3.3,0.7,2023/05/24,3
973,45.6,0.66,2023/05/28,4
974,46.7,0.71,2023/04/28,6
975,35.6,0.49,2023/04/07,9
976,36.5,0.54,2023/05/21,7
977,12.2,0.04,2023/04/24,2
978,37.0,0.93,2023/04/22,8
979,34.3,0.05,2023/04/23,3
980,27.5,0.55,2023/05/15,8
981,6.1,0.59,2023/04/26,9
982,30.4,0.77,2023/05/12,4
983,28.8,0.27,2023/05/27,7
984,2.4,0.42,2023/04/26,1
985,42.3,0.78,2023/04/22,4
986,25.5,0.49,2023/05/18,6
987,28.4,0.42,2023/04/04,10
988,1.9,0.14,2023/04/13,8
989,43.2,0.72,2023/05/14,8
990,39.4,0.66,2023/04/19,1
991,45.5,0.73,2023/04/19,3
992,35.5,0.89,2023/04/17,2
993,24.4,0.54,2023/04/12,9
994,28.0,0.24,2023/05/19,2
995,3.9,0.11,2023/04/07,3
996,29.6,0.74,2023/04/15,5
997,12.2,0.73,2023/04/20,9
998,37.7,0.03,2023/04/25,2
999,15.1,0.57,2023/05/25,1
1000,11.0,0.86,2023/04/08,2
